{
  "camera": "pixel3_moment14mm",
  "model": "fisheye",
  "image_width": 1280,
  "image_height": 960,
  "K": [
    [
      630.6799061006485,
      0.0,
      632.8494644332845
    ],
    [
      0.0,
      624.9305524201125,
      495.92993024407326
    ],
    [
      0.0,
      0.0,
      1.0
    ]
  ],
  "D": [
    0.12897044089152868,
    -0.14793398849967737,
    0.08399072007589173,
    -0.027148196360641263
  ],
  "reprojection_error_px": 1.8724,
  "n_images_used": 263,
  "grid_size": [
    9,
    6
  ],
  "square_size_m": 0.02
}
